arrival_time,start_service,end_service,wait_time,total_time
0.7375140096707472,0.7375140096707472,1.6818360559678736,0.0,0.9443220462971263
1.3357421252094008,1.3357421252094008,5.270897853349852,0.0,3.935155728140451
1.4263094343426972,1.4263094343426972,2.9993177756267775,0.0,1.5730083412840803
2.0844966079992533,2.0844966079992533,2.8865470493232697,0.0,0.8020504413240164
2.3855270725932103,2.8865470493232697,3.304647095222677,0.5010199767300594,0.9191200226294667
2.5856703969176196,2.9993177756267775,3.105510556742663,0.4136473787091579,0.5198401598250433
3.1605365522898565,3.1605365522898565,4.487126361855858,0.0,1.3265898095660016
3.973760565023788,3.973760565023788,4.836047654800589,0.0,0.8622870897768005
9.986023687324872,9.986023687324872,19.48287814438992,0.0,9.49685445706505
11.44708960113119,11.44708960113119,13.572013436455066,0.0,2.1249238353238766
11.453142205909439,11.453142205909439,11.505771110603208,0.0,0.05262890469376913
12.198570130802842,12.198570130802842,14.068924309612047,0.0,1.8703541788092046
13.492613501980227,13.572013436455066,14.106088823692348,0.07939993447483928,0.6134753217121212
13.831316820069357,14.068924309612047,16.094240108168204,0.23760748954268962,2.262923288098847
15.805359029537396,15.805359029537396,27.707858478769015,0.0,11.90249944923162
19.310344014262608,19.310344014262608,19.994075890589055,0.0,0.6837318763264477
19.852275236477098,19.852275236477098,20.57862630267375,0.0,0.7263510661966528
20.562038743987905,20.562038743987905,22.382016124342506,0.0,1.8199773803546009
20.61334959607289,20.61334959607289,20.67602868047334,0.0,0.06267908440045034
21.17850554707809,21.17850554707809,24.15959428392128,0.0,2.9810887368431906
23.67377302004976,23.67377302004976,27.774081560263642,0.0,4.100308540213881
23.80672658617368,24.15959428392128,27.034827992681983,0.3528676977475982,3.2281014065083014
24.76099826558531,27.034827992681983,27.800657066398475,2.273829727096672,3.0396588008131644
26.525386727249444,27.707858478769015,30.427131341944378,1.1824717515195715,3.901744614694934
30.804375709831657,30.804375709831657,32.64098731971369,0.0,1.8366116098820306
31.363759016178303,31.363759016178303,33.427381577266246,0.0,2.063622561087943
32.78986343369502,32.78986343369502,37.52610976890924,0.0,4.736246335214219
33.35476038984212,33.35476038984212,34.57217644703276,0.0,1.2174160571906398
39.52230853873495,39.52230853873495,44.082078275762534,0.0,4.559769737027587
40.18351902238967,40.18351902238967,40.25033781563524,0.0,0.06681879324557372
41.46636667336775,41.46636667336775,44.25880015200819,0.0,2.79243347864044
42.50084419316363,42.50084419316363,47.92909409848134,0.0,5.428249905317713
42.51867146619807,44.082078275762534,53.16259128962964,1.5634068095644622,10.643919823431567
42.833939778305606,44.25880015200819,45.12865097209886,1.424860373702586,2.2947111937932547
42.884497424761626,45.12865097209886,45.494257064564955,2.244153547337234,2.609759639803329
44.69615034117308,45.494257064564955,47.17806206426907,0.798106723391875,2.4819117230959904
46.71460213962229,47.17806206426907,51.9355222085444,0.4634599246467772,5.220920068922105
48.99811055976687,48.99811055976687,50.26791964033902,0.0,1.269809080572145
49.743473020427686,50.26791964033902,52.87587824691403,0.5244466199113305,3.132405226486341
49.99910874402071,51.9355222085444,57.21470481555272,1.9364134645236888,7.215596071532012
53.972903410885785,53.972903410885785,54.3903835081153,0.0,0.4174800972295145
54.41894015786951,54.41894015786951,57.36739748504567,0.0,2.9484573271761647
56.64239649708177,56.64239649708177,57.90131046738926,0.0,1.2589139703074892
58.654865512777036,58.654865512777036,60.19716654217069,0.0,1.5423010293936557
59.84509713094567,59.84509713094567,64.10700897001394,0.0,4.261911839068269
65.57452074583209,65.57452074583209,67.35513207943745,0.0,1.7806113336053642
66.4337940768546,66.4337940768546,70.26720060711841,0.0,3.833406530263815
68.44136764673053,68.44136764673053,68.71910161559194,0.0,0.277733968861412
68.62919190158436,68.62919190158436,70.86860873747746,0.0,2.2394168358930955
69.52285850785997,69.52285850785997,76.11715129565775,0.0,6.594292787797784
72.7346276621668,72.7346276621668,73.74530962787408,0.0,1.0106819657072776
73.62966527178085,73.62966527178085,80.29923211762522,0.0,6.669566845844372
74.75942743303354,74.75942743303354,83.6534667523167,0.0,8.894039319283166
75.16768159348011,76.11715129565775,77.859325431205,0.9494697021776375,2.6916438377248824
75.7695420949608,77.859325431205,78.90187720264571,2.0897833362441958,3.1323351076849093
76.92733424254088,78.90187720264571,85.72751402057614,1.9745429601048272,8.800179778035258
77.02858810669417,80.29923211762522,81.71394359554695,3.2706440109310506,4.685355488852778
78.21871484229686,81.71394359554695,82.81746166389738,3.495228753250089,4.598746821600514
81.68600681349271,82.81746166389738,89.15744101493215,1.1314548504046655,7.471434201439436
81.9087795884924,83.6534667523167,83.90918790239027,1.7446871638243096,2.0004083138978785
84.51658472662557,84.51658472662557,84.59937353657081,0.0,0.08278880994524229
85.35589637377001,85.35589637377001,90.07878632574507,0.0,4.722889951975063
87.77561889441542,87.77561889441542,90.5374543457468,0.0,2.761835451331379
87.83970641338135,89.15744101493215,90.63945029095244,1.3177346015507965,2.799743877571089
89.75417714767627,90.07878632574507,90.77490321040712,0.32460917806879763,1.0207260627308443
90.87099259373694,90.87099259373694,92.6232535327345,0.0,1.7522609389975514
92.47651951251441,92.47651951251441,94.22354742730444,0.0,1.7470279147900243
94.01461723905919,94.01461723905919,97.62469213393491,0.0,3.610074894875723
94.33047875151733,94.33047875151733,97.12986166539855,0.0,2.7993829138812174
108.5277126448596,108.5277126448596,108.7705327251769,0.0,0.2428200803173013
109.39103184072252,109.39103184072252,119.63292101986968,0.0,10.241889179147165
109.86216661749779,109.86216661749779,117.8354218904412,0.0,7.973255272943405
111.17164465098573,111.17164465098573,111.45491293868366,0.0,0.2832682876979362
119.17521436157863,119.17521436157863,119.49248990902949,0.0,0.31727554745086195
120.00692774484659,120.00692774484659,120.14899760693245,0.0,0.1420698620858616
123.77989695945398,123.77989695945398,125.6765918308573,0.0,1.8966948714033265
124.80121017205285,124.80121017205285,128.63106189517694,0.0,3.8298517231240936
125.59481297319324,125.59481297319324,126.06366907573467,0.0,0.46885610254142307
126.16078079466992,126.16078079466992,129.2096179574477,0.0,3.0488371627777866
127.8055234432743,127.8055234432743,130.5250343159685,0.0,2.719510872694201
130.64483882515597,130.64483882515597,137.43351215539207,0.0,6.788673330236094
135.67432966518453,135.67432966518453,136.04341467819765,0.0,0.3690850130131196
136.60492893239552,136.60492893239552,141.21856319284743,0.0,4.613634260451903
140.49253290205374,140.49253290205374,142.17297651175554,0.0,1.680443609701797
140.62465343679298,140.62465343679298,144.61392304971372,0.0,3.9892696129207366
141.4050302089827,141.4050302089827,148.58868055788656,0.0,7.1836503489038535
142.68341553735462,142.68341553735462,144.46199033163353,0.0,1.77857479427891
143.2401702163117,144.46199033163353,163.03989295624996,1.221820115321833,19.79972273993826
143.9976486021204,144.61392304971372,151.2796020936108,0.6162744475933266,7.2819534914904125
147.48701205421,148.58868055788656,150.12272541076155,1.1016685036765637,2.6357133565515483
148.90036623273863,150.12272541076155,150.5356060526334,1.2223591780229128,1.635239819894764
150.107030931541,150.5356060526334,154.1964986141605,0.4285751210923934,4.0894676826194996
150.4079820478909,151.2796020936108,151.59517270867593,0.8716200457199079,1.1871906607850349
150.63165428951285,151.59517270867593,155.3585023092873,0.9635184191630799,4.726848019774451
152.40833387350227,154.1964986141605,154.22792080078676,1.7881647406582317,1.8195869272844902
154.03456020404218,154.22792080078676,157.0951464541046,0.19336059674458284,3.060586250062414
154.49110977390822,155.3585023092873,156.52920498837904,0.8673925353790821,2.0380952144708147
156.78417753896704,156.78417753896704,159.97239868016445,0.0,3.1882211411974026
157.95772970034602,157.95772970034602,158.345182232984,0.0,0.38745253263797963
158.47548882908401,158.47548882908401,163.04158767605065,0.0,4.566098846966639
